crop,horizon,model,task,support_positive,support_total,accuracy,precision,recall,f1_score,tn,fp,fn,tp
bok_choy,1,ridge,target_rise_ge_10pct_h1,335,1543,0.7660401814646792,0.4226190476190476,0.21194029850746268,0.2823061630218688,1111,97,264,71
bok_choy,1,ann,target_rise_ge_10pct_h1,335,1543,0.7381723914452365,0.3438914027149321,0.22686567164179106,0.2733812949640288,1063,145,259,76
bok_choy,1,lightgbm,target_rise_ge_10pct_h1,335,1543,0.7621516526247569,0.39473684210526316,0.1791044776119403,0.2464065708418891,1116,92,275,60
bok_choy,1,xgboost,target_rise_ge_10pct_h1,335,1543,0.762799740764744,0.3816793893129771,0.14925373134328357,0.2145922746781116,1127,81,285,50
bok_choy,1,random_forest,target_rise_ge_10pct_h1,335,1543,0.7699287103046014,0.3979591836734694,0.11641791044776119,0.18013856812933027,1149,59,296,39
bok_choy,1,lightgbm,target_rise_ge_5pct_h1,509,1543,0.6966947504860661,0.5623100303951368,0.36345776031434185,0.441527446300716,890,144,324,185
bok_choy,1,xgboost,target_rise_ge_5pct_h1,509,1543,0.6889176928062216,0.5435435435435435,0.3555992141453831,0.42992874109263657,882,152,328,181
bok_choy,1,ridge,target_rise_ge_5pct_h1,509,1543,0.6908619572261827,0.549079754601227,0.3516699410609037,0.4287425149700599,887,147,330,179
bok_choy,1,random_forest,target_rise_ge_5pct_h1,509,1543,0.6817887232663642,0.5375,0.25343811394891946,0.3444592790387183,923,111,380,129
bok_choy,1,ann,target_rise_ge_5pct_h1,509,1543,0.644199611147116,0.43670886075949367,0.27111984282907664,0.33454545454545453,856,178,371,138
bok_choy,1,xgboost,target_up_h1,769,1543,0.6753078418664938,0.6914285714285714,0.6293888166449935,0.6589516678012253,558,216,285,484
bok_choy,1,lightgbm,target_up_h1,769,1543,0.6668826960466624,0.6946564885496184,0.5916775032509753,0.6390449438202247,574,200,314,455
bok_choy,1,random_forest,target_up_h1,769,1543,0.6357744653272845,0.6404341926729986,0.6137841352405722,0.6268260292164675,509,265,297,472
bok_choy,1,ridge,target_up_h1,769,1543,0.6506804925469863,0.6796875,0.5656697009102731,0.6174591909155429,569,205,334,435
bok_choy,1,ann,target_up_h1,769,1543,0.5767984445884641,0.6283185840707964,0.3693107932379714,0.4651924651924652,606,168,485,284
bok_choy,5,ridge,target_rise_ge_10pct_h5,555,1543,0.7187297472456254,0.6397228637413395,0.4990990990990991,0.5607287449392713,832,156,278,277
bok_choy,5,random_forest,target_rise_ge_10pct_h5,555,1543,0.6804925469863902,0.5561594202898551,0.5531531531531532,0.5546522131887985,743,245,248,307
bok_choy,5,xgboost,target_rise_ge_10pct_h5,555,1543,0.6992871030460143,0.5949895615866388,0.5135135135135135,0.5512572533849129,794,194,270,285
bok_choy,5,lightgbm,target_rise_ge_10pct_h5,555,1543,0.6863253402462735,0.5728952772073922,0.5027027027027027,0.5355086372360844,780,208,276,279
bok_choy,5,ann,target_rise_ge_10pct_h5,555,1543,0.6714193130265717,0.5563380281690141,0.42702702702702705,0.4831804281345566,799,189,318,237
bok_choy,5,ridge,target_rise_ge_5pct_h5,650,1543,0.7103046014257939,0.6925996204933587,0.5615384615384615,0.6202209005947323,731,162,285,365
bok_choy,5,xgboost,target_rise_ge_5pct_h5,650,1543,0.6837329876863253,0.6336633663366337,0.5907692307692308,0.6114649681528662,671,222,266,384
bok_choy,5,lightgbm,target_rise_ge_5pct_h5,650,1543,0.6785482825664291,0.6237942122186495,0.5969230769230769,0.610062893081761,659,234,262,388
bok_choy,5,random_forest,target_rise_ge_5pct_h5,650,1543,0.6616979909267661,0.5932944606413995,0.6261538461538462,0.6092814371257484,614,279,243,407
bok_choy,5,ann,target_rise_ge_5pct_h5,650,1543,0.6493843162670123,0.6101010101010101,0.4646153846153846,0.5275109170305677,700,193,348,302
bok_choy,5,xgboost,target_up_h5,782,1543,0.6915100453661698,0.6976744186046512,0.690537084398977,0.6940874035989717,527,234,242,540
bok_choy,5,random_forest,target_up_h5,782,1543,0.6714193130265717,0.6650660264105642,0.7084398976982097,0.6860681114551084,482,279,228,554
bok_choy,5,lightgbm,target_up_h5,782,1543,0.6798444588464031,0.6899736147757256,0.6687979539641944,0.6792207792207792,526,235,259,523
bok_choy,5,ridge,target_up_h5,782,1543,0.6889176928062216,0.7287878787878788,0.6150895140664961,0.6671289875173371,582,179,301,481
bok_choy,5,ann,target_up_h5,782,1543,0.6396629941672067,0.6902356902356902,0.5242966751918159,0.5959302325581395,577,184,372,410
bok_choy,7,xgboost,target_rise_ge_10pct_h7,581,1543,0.6908619572261827,0.5915492957746479,0.5783132530120482,0.5848563968668408,730,232,245,336
bok_choy,7,lightgbm,target_rise_ge_10pct_h7,581,1543,0.6817887232663642,0.575,0.5938037865748709,0.584250635055038,707,255,236,345
bok_choy,7,ridge,target_rise_ge_10pct_h7,581,1543,0.7180816591056384,0.6573275862068966,0.5249569707401033,0.583732057416268,803,159,276,305
bok_choy,7,random_forest,target_rise_ge_10pct_h7,581,1543,0.6629941672067401,0.5462822458270106,0.6196213425129088,0.5806451612903226,663,299,221,360
bok_choy,7,ann,target_rise_ge_10pct_h7,581,1543,0.6953985742060921,0.6907216494845361,0.3459552495697074,0.4610091743119266,872,90,380,201
bok_choy,7,random_forest,target_rise_ge_5pct_h7,657,1543,0.6571613739468568,0.5824742268041238,0.6879756468797564,0.630844382414515,562,324,205,452
bok_choy,7,xgboost,target_rise_ge_5pct_h7,657,1543,0.6798444588464031,0.6207407407407407,0.6377473363774734,0.6291291291291291,630,256,238,419
bok_choy,7,ridge,target_rise_ge_5pct_h7,657,1543,0.7057679844458846,0.6822262118491921,0.578386605783866,0.6260296540362438,709,177,277,380
bok_choy,7,lightgbm,target_rise_ge_5pct_h7,657,1543,0.6668826960466624,0.6002805049088359,0.6514459665144596,0.6248175182481752,601,285,229,428
bok_choy,7,ann,target_rise_ge_5pct_h7,657,1543,0.6740116655865198,0.7225433526011561,0.380517503805175,0.4985044865403789,790,96,407,250
bok_choy,7,xgboost,target_up_h7,763,1543,0.6908619572261827,0.6796482412060302,0.709043250327654,0.6940346375881976,525,255,222,541
bok_choy,7,random_forest,target_up_h7,763,1543,0.6707712248865846,0.6440677966101694,0.747051114023591,0.691747572815534,465,315,193,570
bok_choy,7,lightgbm,target_up_h7,763,1543,0.6720674011665586,0.6506447831184057,0.727391874180865,0.6868811881188119,482,298,208,555
bok_choy,7,ridge,target_up_h7,763,1543,0.7012313674659754,0.7267267267267268,0.6343381389252949,0.6773967809657103,598,182,279,484
bok_choy,7,ann,target_up_h7,763,1543,0.6305897602073882,0.7406483790523691,0.3892529488859764,0.5103092783505154,676,104,466,297
bok_choy,14,ridge,target_rise_ge_10pct_h14,619,1543,0.7362281270252754,0.6962962962962963,0.6074313408723748,0.6488352027610008,760,164,243,376
bok_choy,14,xgboost,target_rise_ge_10pct_h14,619,1543,0.6895657809462087,0.6147540983606558,0.6058158319870759,0.6102522375915378,689,235,244,375
bok_choy,14,lightgbm,target_rise_ge_10pct_h14,619,1543,0.6759559300064809,0.5934065934065934,0.6106623586429726,0.6019108280254777,665,259,241,378
bok_choy,14,random_forest,target_rise_ge_10pct_h14,619,1543,0.6694750486066104,0.5834609494640123,0.6155088852988692,0.5990566037735849,652,272,238,381
bok_choy,14,ann,target_rise_ge_10pct_h14,619,1543,0.6117952041477641,0.5190114068441065,0.4410339256865913,0.47685589519650656,671,253,346,273
bok_choy,14,ridge,target_rise_ge_5pct_h14,684,1543,0.7232663642255347,0.7174280879864636,0.6198830409356725,0.6650980392156862,692,167,260,424
bok_choy,14,random_forest,target_rise_ge_5pct_h14,684,1543,0.6629941672067401,0.6114130434782609,0.6578947368421053,0.6338028169014085,573,286,234,450
bok_choy,14,xgboost,target_rise_ge_5pct_h14,684,1543,0.6753078418664938,0.6343612334801763,0.631578947368421,0.6329670329670329,610,249,252,432
bok_choy,14,lightgbm,target_rise_ge_5pct_h14,684,1543,0.6629941672067401,0.6142061281337048,0.6447368421052632,0.6291012838801712,582,277,243,441
bok_choy,14,ann,target_rise_ge_5pct_h14,684,1543,0.5962410887880751,0.553415061295972,0.4619883040935672,0.503585657370518,604,255,368,316
bok_choy,14,ridge,target_up_h14,763,1543,0.7219701879455606,0.7553516819571865,0.6474442988204456,0.6972477064220184,620,160,269,494
bok_choy,14,lightgbm,target_up_h14,763,1543,0.6785482825664291,0.6662515566625156,0.7011795543905636,0.6832694763729247,512,268,228,535
bok_choy,14,xgboost,target_up_h14,763,1543,0.6863253402462735,0.6828309305373526,0.6828309305373526,0.6828309305373526,538,242,242,521
bok_choy,14,random_forest,target_up_h14,763,1543,0.6714193130265717,0.6572481572481572,0.7011795543905636,0.6785034876347495,501,279,228,535
bok_choy,14,ann,target_up_h14,763,1543,0.5962410887880751,0.6129032258064516,0.4980340760157274,0.549530007230658,540,240,383,380
bok_choy,20,ridge,target_rise_ge_10pct_h20,675,1543,0.729747245625405,0.727112676056338,0.6118518518518519,0.6645213193885761,713,155,262,413
bok_choy,20,random_forest,target_rise_ge_10pct_h20,675,1543,0.7018794556059624,0.6800670016750419,0.6014814814814815,0.6383647798742138,677,191,269,406
bok_choy,20,xgboost,target_rise_ge_10pct_h20,675,1543,0.6902138690861958,0.6622734761120264,0.5955555555555555,0.6271450858034321,663,205,273,402
bok_choy,20,lightgbm,target_rise_ge_10pct_h20,675,1543,0.6740116655865198,0.6428571428571429,0.5733333333333334,0.60610806577917,653,215,288,387
bok_choy,20,ann,target_rise_ge_10pct_h20,675,1543,0.5813350615683733,0.5644444444444444,0.18814814814814815,0.2822222222222222,770,98,548,127
bok_choy,20,ridge,target_rise_ge_5pct_h20,717,1543,0.728451069345431,0.742671009771987,0.6359832635983264,0.6851990984222389,668,158,261,456
bok_choy,20,random_forest,target_rise_ge_5pct_h20,717,1543,0.7025275437459495,0.6960486322188449,0.6387726638772664,0.6661818181818182,626,200,259,458
bok_choy,20,xgboost,target_rise_ge_5pct_h20,717,1543,0.6921581335061568,0.6769005847953217,0.6457461645746164,0.660956459671663,605,221,254,463
bok_choy,20,lightgbm,target_rise_ge_5pct_h20,717,1543,0.6850291639662994,0.6716196136701337,0.6304044630404463,0.6503597122302158,605,221,265,452
bok_choy,20,ann,target_rise_ge_5pct_h20,717,1543,0.5722618276085548,0.6144578313253012,0.21338912133891214,0.3167701863354037,730,96,564,153
bok_choy,20,ridge,target_up_h20,783,1543,0.728451069345431,0.7668621700879765,0.6679438058748404,0.7139931740614335,601,159,260,523
bok_choy,20,xgboost,target_up_h20,783,1543,0.7044718081659106,0.7126137841352406,0.6998722860791826,0.7061855670103093,539,221,235,548
bok_choy,20,lightgbm,target_up_h20,783,1543,0.696046662346079,0.7087765957446809,0.6807151979565773,0.6944625407166124,541,219,250,533
bok_choy,20,random_forest,target_up_h20,783,1543,0.7031756318859365,0.7272727272727273,0.6641123882503193,0.6942590120160214,565,195,263,520
bok_choy,20,ann,target_up_h20,783,1543,0.5521710952689566,0.6729323308270677,0.22860791826309068,0.34127740705433746,673,87,604,179
cabbage,1,xgboost,target_rise_ge_10pct_h1,246,1548,0.8591731266149871,0.5921052631578947,0.36585365853658536,0.45226130653266333,1240,62,156,90
cabbage,1,lightgbm,target_rise_ge_10pct_h1,246,1548,0.8527131782945736,0.55625,0.3617886178861789,0.43842364532019706,1231,71,157,89
cabbage,1,ridge,target_rise_ge_10pct_h1,246,1548,0.8352713178294574,0.4713375796178344,0.3008130081300813,0.36724565756823824,1219,83,172,74
cabbage,1,ann,target_rise_ge_10pct_h1,246,1548,0.6828165374677002,0.2684310018903592,0.5772357723577236,0.3664516129032258,915,387,104,142
cabbage,1,random_forest,target_rise_ge_10pct_h1,246,1548,0.8352713178294574,0.45054945054945056,0.16666666666666666,0.2433234421364985,1252,50,205,41
cabbage,1,lightgbm,target_rise_ge_5pct_h1,421,1548,0.7545219638242894,0.5646687697160884,0.4251781472684085,0.48509485094850946,989,138,242,179
cabbage,1,xgboost,target_rise_ge_5pct_h1,421,1548,0.7590439276485789,0.5851063829787234,0.3919239904988123,0.4694167852062589,1010,117,256,165
cabbage,1,ridge,target_rise_ge_5pct_h1,421,1548,0.7131782945736435,0.4699738903394256,0.42755344418052255,0.44776119402985076,924,203,241,180
cabbage,1,ann,target_rise_ge_5pct_h1,421,1548,0.563953488372093,0.33289473684210524,0.6009501187648456,0.42845046570702794,620,507,168,253
cabbage,1,random_forest,target_rise_ge_5pct_h1,421,1548,0.7325581395348837,0.5137254901960784,0.31116389548693585,0.3875739644970414,1003,124,290,131
cabbage,1,xgboost,target_up_h1,750,1548,0.661498708010336,0.6652046783625731,0.6066666666666667,0.6345885634588564,569,229,295,455
cabbage,1,ann,target_up_h1,750,1548,0.5788113695090439,0.5486111111111112,0.7373333333333333,0.6291240045506257,343,455,197,553
cabbage,1,ridge,target_up_h1,750,1548,0.6072351421188631,0.5812356979405034,0.6773333333333333,0.625615763546798,432,366,242,508
cabbage,1,lightgbm,target_up_h1,750,1548,0.6453488372093024,0.6409537166900421,0.6093333333333333,0.6247436773752563,542,256,293,457
cabbage,1,random_forest,target_up_h1,750,1548,0.6091731266149871,0.5930680359435173,0.616,0.60431654676259,481,317,288,462
cabbage,5,ann,target_rise_ge_10pct_h5,456,1548,0.6078811369509044,0.3760262725779967,0.5021929824561403,0.4300469483568075,712,380,227,229
cabbage,5,lightgbm,target_rise_ge_10pct_h5,456,1548,0.6782945736434108,0.44587628865979384,0.3793859649122807,0.4099526066350711,877,215,283,173
cabbage,5,xgboost,target_rise_ge_10pct_h5,456,1548,0.6698966408268734,0.4289405684754522,0.36403508771929827,0.39383155397390274,871,221,290,166
cabbage,5,ridge,target_rise_ge_10pct_h5,456,1548,0.6925064599483204,0.4691358024691358,0.3333333333333333,0.38974358974358975,920,172,304,152
cabbage,5,random_forest,target_rise_ge_10pct_h5,456,1548,0.6556847545219638,0.38006230529595014,0.2675438596491228,0.31402831402831405,893,199,334,122
cabbage,5,xgboost,target_rise_ge_5pct_h5,609,1548,0.6195090439276486,0.515015015015015,0.5632183908045977,0.5380392156862746,616,323,266,343
cabbage,5,ann,target_rise_ge_5pct_h5,609,1548,0.58656330749354,0.4795244385733157,0.5960591133004927,0.5314787701317716,545,394,246,363
cabbage,5,lightgbm,target_rise_ge_5pct_h5,609,1548,0.625968992248062,0.5239616613418531,0.5385878489326765,0.5311740890688259,641,298,281,328
cabbage,5,ridge,target_rise_ge_5pct_h5,609,1548,0.6434108527131783,0.5540796963946869,0.4794745484400657,0.5140845070422535,704,235,317,292
cabbage,5,random_forest,target_rise_ge_5pct_h5,609,1548,0.5956072351421189,0.4855687606112054,0.4696223316912972,0.4774624373956594,636,303,323,286
cabbage,5,ridge,target_up_h5,796,1548,0.6498708010335917,0.6473317865429234,0.7010050251256281,0.6731001206272618,448,304,238,558
cabbage,5,xgboost,target_up_h5,796,1548,0.6143410852713178,0.6044071353620147,0.7236180904522613,0.6586620926243568,375,377,220,576
cabbage,5,lightgbm,target_up_h5,796,1548,0.625968992248062,0.6206896551724138,0.7010050251256281,0.6584070796460177,411,341,238,558
cabbage,5,random_forest,target_up_h5,796,1548,0.6162790697674418,0.6076759061833689,0.7160804020100503,0.657439446366782,384,368,226,570
cabbage,5,ann,target_up_h5,796,1548,0.6104651162790697,0.6054644808743169,0.6959798994974874,0.6475745178258329,391,361,242,554
cabbage,7,ridge,target_rise_ge_10pct_h7,478,1548,0.667312661498708,0.45409429280397023,0.38284518828451886,0.41543700340522133,850,220,295,183
cabbage,7,lightgbm,target_rise_ge_10pct_h7,478,1548,0.6266149870801033,0.3922413793103448,0.3807531380753138,0.386411889596603,788,282,296,182
cabbage,7,ann,target_rise_ge_10pct_h7,478,1548,0.6304909560723514,0.3950892857142857,0.3702928870292887,0.38228941684665224,799,271,301,177
cabbage,7,xgboost,target_rise_ge_10pct_h7,478,1548,0.6408268733850129,0.40669856459330145,0.35564853556485354,0.3794642857142857,822,248,308,170
cabbage,7,random_forest,target_rise_ge_10pct_h7,478,1548,0.6414728682170543,0.39154929577464787,0.2907949790794979,0.33373349339735897,854,216,339,139
cabbage,7,ridge,target_rise_ge_5pct_h7,626,1548,0.6363049095607235,0.5531197301854974,0.5239616613418531,0.5381460213289582,657,265,298,328
cabbage,7,lightgbm,target_rise_ge_5pct_h7,626,1548,0.5891472868217055,0.49283667621776506,0.549520766773163,0.5196374622356495,568,354,282,344
cabbage,7,xgboost,target_rise_ge_5pct_h7,626,1548,0.601421188630491,0.5069124423963134,0.5271565495207667,0.5168363351605325,601,321,296,330
cabbage,7,random_forest,target_rise_ge_5pct_h7,626,1548,0.58656330749354,0.4883720930232558,0.4696485623003195,0.4788273615635179,614,308,332,294
cabbage,7,ann,target_rise_ge_5pct_h7,626,1548,0.5768733850129198,0.4743362831858407,0.4281150159744409,0.45004198152812763,625,297,358,268
cabbage,7,ridge,target_up_h7,768,1548,0.6511627906976745,0.6322505800464037,0.7096354166666666,0.6687116564417178,463,317,223,545
cabbage,7,xgboost,target_up_h7,768,1548,0.6091731266149871,0.5894621295279913,0.69921875,0.6396664681357951,406,374,231,537
cabbage,7,lightgbm,target_up_h7,768,1548,0.6007751937984496,0.5822368421052632,0.69140625,0.6321428571428571,399,381,237,531
cabbage,7,random_forest,target_up_h7,768,1548,0.5891472868217055,0.5736607142857143,0.6692708333333334,0.6177884615384616,398,382,254,514
cabbage,7,ann,target_up_h7,768,1548,0.5749354005167958,0.577247191011236,0.53515625,0.5554054054054054,479,301,357,411
cabbage,14,ridge,target_rise_ge_10pct_h14,564,1548,0.6931524547803618,0.5689922480620155,0.650709219858156,0.6071133167907361,706,278,197,367
cabbage,14,xgboost,target_rise_ge_10pct_h14,564,1548,0.6388888888888888,0.5034867503486751,0.6400709219858156,0.5636221701795472,628,356,203,361
cabbage,14,lightgbm,target_rise_ge_10pct_h14,564,1548,0.6434108527131783,0.5091743119266054,0.5904255319148937,0.5467980295566502,663,321,231,333
cabbage,14,random_forest,target_rise_ge_10pct_h14,564,1548,0.6447028423772609,0.5118243243243243,0.5372340425531915,0.5242214532871973,695,289,261,303
cabbage,14,ann,target_rise_ge_10pct_h14,564,1548,0.6291989664082688,0.48945147679324896,0.41134751773049644,0.44701348747591524,742,242,332,232
cabbage,14,ridge,target_rise_ge_5pct_h14,653,1548,0.6925064599483204,0.6118836915297092,0.7411944869831547,0.6703601108033241,588,307,169,484
cabbage,14,xgboost,target_rise_ge_5pct_h14,653,1548,0.6201550387596899,0.5375722543352601,0.7120980091883614,0.6126482213438735,495,400,188,465
cabbage,14,lightgbm,target_rise_ge_5pct_h14,653,1548,0.627906976744186,0.5467800729040098,0.6891271056661562,0.6097560975609756,522,373,203,450
cabbage,14,random_forest,target_rise_ge_5pct_h14,653,1548,0.6253229974160207,0.5478374836173001,0.6401225114854517,0.5903954802259888,550,345,235,418
cabbage,14,ann,target_rise_ge_5pct_h14,653,1548,0.6208010335917312,0.5602189781021898,0.47013782542113325,0.511240632805995,654,241,346,307
cabbage,14,ridge,target_up_h14,757,1548,0.687984496124031,0.6448202959830867,0.8058124174372523,0.7163828537874339,455,336,147,610
cabbage,14,random_forest,target_up_h14,757,1548,0.66343669250646,0.6226611226611226,0.7912813738441216,0.6969168121000582,428,363,158,599
cabbage,14,xgboost,target_up_h14,757,1548,0.6343669250645995,0.5935357492654261,0.8005284015852048,0.6816647919010124,376,415,151,606
cabbage,14,lightgbm,target_up_h14,757,1548,0.6356589147286822,0.5981688708036622,0.7767503302509907,0.6758620689655173,396,395,169,588
cabbage,14,ann,target_up_h14,757,1548,0.6111111111111112,0.6256077795786061,0.5099075297225891,0.5618631732168851,560,231,371,386
cabbage,20,ridge,target_rise_ge_10pct_h20,603,1548,0.7441860465116279,0.6404341926729986,0.7827529021558872,0.7044776119402985,680,265,131,472
cabbage,20,lightgbm,target_rise_ge_10pct_h20,603,1548,0.6886304909560723,0.5788787483702738,0.736318407960199,0.6481751824817519,622,323,159,444
cabbage,20,random_forest,target_rise_ge_10pct_h20,603,1548,0.6886304909560723,0.582089552238806,0.7114427860696517,0.6402985074626866,637,308,174,429
cabbage,20,ann,target_rise_ge_10pct_h20,603,1548,0.6757105943152455,0.5687074829931973,0.693200663349917,0.624813153961136,628,317,185,418
cabbage,20,xgboost,target_rise_ge_10pct_h20,603,1548,0.665374677002584,0.5549805950840879,0.7114427860696517,0.623546511627907,601,344,174,429
cabbage,20,ridge,target_rise_ge_5pct_h20,676,1548,0.725452196382429,0.6485207100591716,0.8106508875739645,0.7205785667324129,575,297,128,548
cabbage,20,lightgbm,target_rise_ge_5pct_h20,676,1548,0.6834625322997416,0.6042600896860987,0.7973372781065089,0.6875,519,353,137,539
cabbage,20,random_forest,target_rise_ge_5pct_h20,676,1548,0.6892764857881137,0.615112160566706,0.7707100591715976,0.6841759684832567,546,326,155,521
cabbage,20,xgboost,target_rise_ge_5pct_h20,676,1548,0.6537467700258398,0.5772626931567328,0.7736686390532544,0.661188369152971,489,383,153,523
cabbage,20,ann,target_rise_ge_5pct_h20,676,1548,0.6531007751937985,0.5872020075282308,0.6923076923076923,0.6354378818737271,543,329,208,468
cabbage,20,ridge,target_up_h20,743,1548,0.7093023255813954,0.6518134715025907,0.8465679676985195,0.7365339578454333,469,336,114,629
cabbage,20,random_forest,target_up_h20,743,1548,0.6970284237726099,0.6403688524590164,0.8411843876177658,0.7271669575334497,454,351,118,625
cabbage,20,lightgbm,target_up_h20,743,1548,0.6782945736434108,0.6195121951219512,0.8546433378196501,0.7183257918552036,415,390,108,635
cabbage,20,xgboost,target_up_h20,743,1548,0.6660206718346253,0.6101364522417154,0.8425302826379543,0.7077444884115319,405,400,117,626
cabbage,20,ann,target_up_h20,743,1548,0.6453488372093024,0.6135831381733021,0.7052489905787349,0.6562304320601127,475,330,219,524
cauliflower,1,xgboost,target_rise_ge_10pct_h1,381,1548,0.7919896640826873,0.6234309623430963,0.3910761154855643,0.4806451612903226,1077,90,232,149
cauliflower,1,ridge,target_rise_ge_10pct_h1,381,1548,0.7868217054263565,0.6075949367088608,0.3779527559055118,0.46601941747572817,1074,93,237,144
cauliflower,1,lightgbm,target_rise_ge_10pct_h1,381,1548,0.7971576227390181,0.6618357487922706,0.35958005249343833,0.46598639455782315,1097,70,244,137
cauliflower,1,ann,target_rise_ge_10pct_h1,381,1548,0.7525839793281653,0.4963768115942029,0.35958005249343833,0.4170471841704718,1028,139,244,137
cauliflower,1,random_forest,target_rise_ge_10pct_h1,381,1548,0.7932816537467701,0.7293233082706767,0.2545931758530184,0.377431906614786,1131,36,284,97
cauliflower,1,xgboost,target_rise_ge_5pct_h1,541,1548,0.7235142118863049,0.6184486373165619,0.5452865064695009,0.5795677799607073,825,182,246,295
cauliflower,1,ridge,target_rise_ge_5pct_h1,541,1548,0.7312661498708011,0.642369020501139,0.5212569316081331,0.5755102040816327,850,157,259,282
cauliflower,1,lightgbm,target_rise_ge_5pct_h1,541,1548,0.7241602067183462,0.6261061946902655,0.5231053604436229,0.5699899295065458,838,169,258,283
cauliflower,1,ann,target_rise_ge_5pct_h1,541,1548,0.6737726098191215,0.5407239819004525,0.4417744916820702,0.4862665310274669,804,203,302,239
cauliflower,1,random_forest,target_rise_ge_5pct_h1,541,1548,0.7099483204134367,0.6474358974358975,0.3733826247689464,0.47362250879249707,897,110,339,202
cauliflower,1,xgboost,target_up_h1,788,1548,0.6640826873385013,0.6462882096069869,0.751269035532995,0.6948356807511737,436,324,196,592
cauliflower,1,ridge,target_up_h1,788,1548,0.6737726098191215,0.6666666666666666,0.7182741116751269,0.6915088576664631,477,283,222,566
cauliflower,1,lightgbm,target_up_h1,788,1548,0.6666666666666666,0.6585081585081585,0.7170050761421319,0.6865127582017011,467,293,223,565
cauliflower,1,random_forest,target_up_h1,788,1548,0.6511627906976745,0.632762312633833,0.75,0.686411149825784,417,343,197,591
cauliflower,1,ann,target_up_h1,788,1548,0.6304909560723514,0.6747572815533981,0.5291878172588832,0.5931721194879089,559,201,371,417
cauliflower,5,xgboost,target_rise_ge_10pct_h5,491,1548,0.7202842377260982,0.5625,0.5315682281059063,0.5465968586387434,854,203,230,261
cauliflower,5,ridge,target_rise_ge_10pct_h5,491,1548,0.7416020671834626,0.6206896551724138,0.47657841140529533,0.5391705069124424,914,143,257,234
cauliflower,5,lightgbm,target_rise_ge_10pct_h5,491,1548,0.7093023255813954,0.5456570155902004,0.4989816700610998,0.5212765957446809,853,204,246,245
cauliflower,5,random_forest,target_rise_ge_10pct_h5,491,1548,0.727390180878553,0.5966386554621849,0.43380855397148677,0.5023584905660378,913,144,278,213
cauliflower,5,ann,target_rise_ge_10pct_h5,491,1548,0.6608527131782945,0.46653543307086615,0.48268839103869654,0.4744744744744745,786,271,254,237
cauliflower,5,ridge,target_rise_ge_5pct_h5,632,1548,0.6834625322997416,0.6263345195729537,0.5569620253164557,0.5896147403685092,706,210,280,352
cauliflower,5,lightgbm,target_rise_ge_5pct_h5,632,1548,0.667312661498708,0.5973377703826955,0.5680379746835443,0.5823195458231955,674,242,273,359
cauliflower,5,xgboost,target_rise_ge_5pct_h5,632,1548,0.6582687338501292,0.5848434925864909,0.5617088607594937,0.5730427764326069,664,252,277,355
cauliflower,5,random_forest,target_rise_ge_5pct_h5,632,1548,0.6802325581395349,0.6356435643564357,0.5079113924050633,0.5646437994722955,732,184,311,321
cauliflower,5,ann,target_rise_ge_5pct_h5,632,1548,0.6208010335917312,0.5352112676056338,0.5411392405063291,0.5381589299763966,619,297,290,342
cauliflower,5,ridge,target_up_h5,780,1548,0.6608527131782945,0.6632522407170295,0.6641025641025641,0.6636771300448431,505,263,262,518
cauliflower,5,lightgbm,target_up_h5,780,1548,0.6589147286821705,0.6623711340206185,0.658974358974359,0.6606683804627249,506,262,266,514
cauliflower,5,xgboost,target_up_h5,780,1548,0.6518087855297158,0.6511919698870765,0.6653846153846154,0.6582117945466075,490,278,261,519
cauliflower,5,random_forest,target_up_h5,780,1548,0.6608527131782945,0.6739427012278308,0.6333333333333333,0.6530072703238599,529,239,286,494
cauliflower,5,ann,target_up_h5,780,1548,0.601421188630491,0.6048906048906049,0.6025641025641025,0.6037251123956326,461,307,310,470
cauliflower,7,lightgbm,target_rise_ge_10pct_h7,512,1548,0.7015503875968992,0.5496031746031746,0.541015625,0.5452755905511811,809,227,235,277
cauliflower,7,ridge,target_rise_ge_10pct_h7,512,1548,0.7260981912144703,0.6078431372549019,0.484375,0.5391304347826087,876,160,264,248
cauliflower,7,xgboost,target_rise_ge_10pct_h7,512,1548,0.7060723514211886,0.561822125813449,0.505859375,0.5323741007194245,834,202,253,259
cauliflower,7,random_forest,target_rise_ge_10pct_h7,512,1548,0.712532299741602,0.5852417302798982,0.44921875,0.5082872928176796,873,163,282,230
cauliflower,7,ann,target_rise_ge_10pct_h7,512,1548,0.6744186046511628,0.5114942528735632,0.34765625,0.413953488372093,866,170,334,178
cauliflower,7,lightgbm,target_rise_ge_5pct_h7,627,1548,0.6808785529715762,0.6018376722817764,0.6267942583732058,0.6140625,661,260,234,393
cauliflower,7,xgboost,target_rise_ge_5pct_h7,627,1548,0.6841085271317829,0.6123778501628665,0.5996810207336523,0.6059629331184528,683,238,251,376
cauliflower,7,ridge,target_rise_ge_5pct_h7,627,1548,0.6925064599483204,0.6355475763016158,0.5645933014354066,0.597972972972973,718,203,273,354
cauliflower,7,random_forest,target_rise_ge_5pct_h7,627,1548,0.6744186046511628,0.6132596685082873,0.5311004784688995,0.5692307692307692,711,210,294,333
cauliflower,7,ann,target_rise_ge_5pct_h7,627,1548,0.6388888888888888,0.5745614035087719,0.4178628389154705,0.4838411819021237,727,194,365,262
cauliflower,7,ridge,target_up_h7,771,1548,0.6647286821705426,0.6627906976744186,0.6653696498054474,0.6640776699029126,516,261,258,513
cauliflower,7,lightgbm,target_up_h7,771,1548,0.6479328165374677,0.6358173076923077,0.6861219195849546,0.6600124766063631,474,303,242,529
cauliflower,7,xgboost,target_up_h7,771,1548,0.6543927648578811,0.6501272264631043,0.6627756160830091,0.6563904945407836,502,275,260,511
cauliflower,7,random_forest,target_up_h7,771,1548,0.6569767441860465,0.6639344262295082,0.6303501945525292,0.6467065868263473,531,246,285,486
cauliflower,7,ann,target_up_h7,771,1548,0.6136950904392765,0.6478632478632479,0.4915693904020752,0.5589970501474927,571,206,392,379
cauliflower,14,ridge,target_rise_ge_10pct_h14,538,1548,0.7596899224806202,0.6646825396825397,0.6226765799256505,0.6429942418426103,841,169,203,335
cauliflower,14,lightgbm,target_rise_ge_10pct_h14,538,1548,0.7299741602067183,0.6003344481605352,0.6672862453531598,0.6320422535211268,771,239,179,359
cauliflower,14,xgboost,target_rise_ge_10pct_h14,538,1548,0.7306201550387597,0.6037735849056604,0.654275092936803,0.6280107047279215,779,231,186,352
cauliflower,14,random_forest,target_rise_ge_10pct_h14,538,1548,0.7351421188630491,0.6367521367521367,0.5539033457249071,0.5924453280318092,840,170,240,298
cauliflower,14,ann,target_rise_ge_10pct_h14,538,1548,0.6692506459948321,0.5311004784688995,0.41263940520446096,0.46443514644351463,814,196,316,222
cauliflower,14,ridge,target_rise_ge_5pct_h14,633,1548,0.7390180878552972,0.6775193798449612,0.6903633491311216,0.6838810641627543,707,208,196,437
cauliflower,14,lightgbm,target_rise_ge_5pct_h14,633,1548,0.7067183462532299,0.6262341325811002,0.7014218009478673,0.6616989567809239,650,265,189,444
cauliflower,14,xgboost,target_rise_ge_5pct_h14,633,1548,0.7034883720930233,0.6221910112359551,0.6998420221169036,0.6587360594795539,646,269,190,443
cauliflower,14,random_forest,target_rise_ge_5pct_h14,633,1548,0.7196382428940569,0.6689303904923599,0.6224328593996841,0.6448445171849427,720,195,239,394
cauliflower,14,ann,target_rise_ge_5pct_h14,633,1548,0.6459948320413437,0.5865580448065173,0.4549763033175355,0.5124555160142349,712,203,345,288
cauliflower,14,ridge,target_up_h14,739,1548,0.7222222222222222,0.6943396226415094,0.7469553450608931,0.7196870925684485,566,243,187,552
cauliflower,14,xgboost,target_up_h14,739,1548,0.6970284237726099,0.6610978520286396,0.7496617050067659,0.7025998731769182,525,284,185,554
cauliflower,14,lightgbm,target_up_h14,739,1548,0.6963824289405685,0.6603098927294399,0.7496617050067659,0.7021546261089987,524,285,185,554
cauliflower,14,random_forest,target_up_h14,739,1548,0.6957364341085271,0.6887323943661972,0.6617050067658998,0.6749482401656315,588,221,250,489
cauliflower,14,ann,target_up_h14,739,1548,0.6162790697674418,0.6247848537005164,0.4912043301759134,0.55,591,218,376,363
cauliflower,20,ridge,target_rise_ge_10pct_h20,552,1548,0.789405684754522,0.6921768707482994,0.7373188405797102,0.7140350877192982,815,181,145,407
cauliflower,20,random_forest,target_rise_ge_10pct_h20,552,1548,0.7558139534883721,0.6479591836734694,0.6902173913043478,0.6684210526315789,789,207,171,381
cauliflower,20,xgboost,target_rise_ge_10pct_h20,552,1548,0.7357881136950905,0.6122448979591837,0.7065217391304348,0.656013456686291,749,247,162,390
cauliflower,20,lightgbm,target_rise_ge_10pct_h20,552,1548,0.727390180878553,0.6018808777429467,0.6956521739130435,0.6453781512605042,742,254,168,384
cauliflower,20,ann,target_rise_ge_10pct_h20,552,1548,0.7131782945736435,0.6111111111111112,0.5380434782608695,0.5722543352601156,807,189,255,297
cauliflower,20,ridge,target_rise_ge_5pct_h20,644,1548,0.7758397932816538,0.71004243281471,0.7795031055900621,0.7431532198371577,699,205,142,502
cauliflower,20,random_forest,target_rise_ge_5pct_h20,644,1548,0.7474160206718347,0.683068017366136,0.7329192546583851,0.7071161048689139,685,219,172,472
cauliflower,20,xgboost,target_rise_ge_5pct_h20,644,1548,0.727390180878553,0.6476063829787234,0.7562111801242236,0.6977077363896849,639,265,157,487
cauliflower,20,lightgbm,target_rise_ge_5pct_h20,644,1548,0.727390180878553,0.6508152173913043,0.7437888198757764,0.6942028985507246,647,257,165,479
cauliflower,20,ann,target_rise_ge_5pct_h20,644,1548,0.6866925064599483,0.6480446927374302,0.5403726708074534,0.5893310753598645,715,189,296,348
cauliflower,20,ridge,target_up_h20,736,1548,0.7577519379844961,0.7203907203907204,0.8016304347826086,0.7588424437299035,583,229,146,590
cauliflower,20,random_forest,target_up_h20,736,1548,0.7454780361757106,0.713216957605985,0.7771739130434783,0.7438231469440832,582,230,164,572
cauliflower,20,xgboost,target_up_h20,736,1548,0.7332041343669251,0.6915776986951364,0.7921195652173914,0.7384420519316023,552,260,153,583
cauliflower,20,lightgbm,target_up_h20,736,1548,0.7357881136950905,0.6986634264884569,0.78125,0.7376523412443874,564,248,161,575
cauliflower,20,ann,target_up_h20,736,1548,0.6698966408268734,0.6878130217028381,0.5597826086956522,0.6172284644194757,625,187,324,412
green_onion,1,ridge,target_rise_ge_10pct_h1,261,1587,0.8500315059861374,0.5672514619883041,0.3716475095785441,0.44907407407407407,1252,74,164,97
green_onion,1,xgboost,target_rise_ge_10pct_h1,261,1587,0.8399495904221802,0.5177664974619289,0.39080459770114945,0.44541484716157204,1231,95,159,102
green_onion,1,lightgbm,target_rise_ge_10pct_h1,261,1587,0.8216761184625079,0.4525862068965517,0.40229885057471265,0.4259634888438134,1199,127,156,105
green_onion,1,random_forest,target_rise_ge_10pct_h1,261,1587,0.8645242596093258,0.7053571428571429,0.30268199233716475,0.42359249329758714,1293,33,182,79
green_onion,1,ann,target_rise_ge_10pct_h1,261,1587,0.7492123503465659,0.24344569288389514,0.24904214559386972,0.24621212121212122,1124,202,196,65
green_onion,1,ridge,target_rise_ge_5pct_h1,438,1587,0.7504725897920604,0.5573770491803278,0.4657534246575342,0.5074626865671642,987,162,234,204
green_onion,1,xgboost,target_rise_ge_5pct_h1,438,1587,0.720226843100189,0.49330357142857145,0.5045662100456622,0.49887133182844245,922,227,217,221
green_onion,1,lightgbm,target_rise_ge_5pct_h1,438,1587,0.7126654064272212,0.48008849557522126,0.4954337899543379,0.48764044943820223,914,235,221,217
green_onion,1,random_forest,target_rise_ge_5pct_h1,438,1587,0.739760554505356,0.5435540069686411,0.3561643835616438,0.4303448275862069,1018,131,282,156
green_onion,1,ann,target_rise_ge_5pct_h1,438,1587,0.6572148708254568,0.3502824858757062,0.2831050228310502,0.31313131313131315,919,230,314,124
green_onion,1,lightgbm,target_up_h1,808,1587,0.6370510396975425,0.6336405529953917,0.6806930693069307,0.6563245823389021,461,318,258,550
green_onion,1,random_forest,target_up_h1,808,1587,0.6339004410838059,0.6382460414129111,0.6485148514851485,0.6433394720687539,482,297,284,524
green_onion,1,xgboost,target_up_h1,808,1587,0.6187775677378702,0.6162657502863689,0.6658415841584159,0.6400951814396193,444,335,270,538
green_onion,1,ridge,target_up_h1,808,1587,0.6225582860743542,0.6414073071718539,0.5866336633663366,0.6127989657401423,514,265,334,474
green_onion,1,ann,target_up_h1,808,1587,0.6055450535601764,0.6872427983539094,0.41336633663366334,0.5162287480680062,627,152,474,334
green_onion,5,xgboost,target_rise_ge_10pct_h5,360,1587,0.775047258979206,0.5049180327868853,0.42777777777777776,0.4631578947368421,1076,151,206,154
green_onion,5,lightgbm,target_rise_ge_10pct_h5,360,1587,0.7460617517328293,0.44386422976501305,0.4722222222222222,0.4576043068640646,1014,213,190,170
green_onion,5,random_forest,target_rise_ge_10pct_h5,360,1587,0.7611846250787649,0.4664310954063604,0.36666666666666664,0.4105754276827372,1076,151,228,132
green_onion,5,ridge,target_rise_ge_10pct_h5,360,1587,0.7655954631379962,0.47540983606557374,0.32222222222222224,0.3841059602649007,1099,128,244,116
green_onion,5,ann,target_rise_ge_10pct_h5,360,1587,0.7385003150598614,0.35294117647058826,0.18333333333333332,0.2413162705667276,1106,121,294,66
green_onion,5,xgboost,target_rise_ge_5pct_h5,496,1587,0.7088846880907372,0.5349794238683128,0.5241935483870968,0.5295315682281059,865,226,236,260
green_onion,5,lightgbm,target_rise_ge_5pct_h5,496,1587,0.6767485822306238,0.48547008547008547,0.5725806451612904,0.5254394079555966,790,301,212,284
green_onion,5,random_forest,target_rise_ge_5pct_h5,496,1587,0.6950220541902962,0.5127659574468085,0.48588709677419356,0.4989648033126294,862,229,255,241
green_onion,5,ridge,target_rise_ge_5pct_h5,496,1587,0.6988027725267801,0.5216346153846154,0.4375,0.4758771929824561,892,199,279,217
green_onion,5,ann,target_rise_ge_5pct_h5,496,1587,0.6647763074984246,0.42105263157894735,0.1935483870967742,0.26519337016574585,959,132,400,96
green_onion,5,lightgbm,target_up_h5,776,1587,0.6641461877756774,0.6528301886792452,0.6688144329896907,0.6607256524506684,535,276,257,519
green_onion,5,xgboost,target_up_h5,776,1587,0.665406427221172,0.6685006877579092,0.6262886597938144,0.6467065868263473,570,241,290,486
green_onion,5,random_forest,target_up_h5,776,1587,0.6528040327662256,0.64629388816645,0.6404639175257731,0.6433656957928803,539,272,279,497
green_onion,5,ridge,target_up_h5,776,1587,0.6175173282923756,0.6248153618906942,0.5451030927835051,0.5822436338609773,557,254,353,423
green_onion,5,ann,target_up_h5,776,1587,0.5960932577189666,0.7490774907749077,0.2615979381443299,0.387774594078319,743,68,573,203
green_onion,7,lightgbm,target_rise_ge_10pct_h7,333,1587,0.7479521109010712,0.40509915014164305,0.4294294294294294,0.41690962099125367,1044,210,190,143
green_onion,7,ridge,target_rise_ge_10pct_h7,333,1587,0.7624448645242596,0.4230769230769231,0.3633633633633634,0.39095315024232635,1089,165,212,121
green_onion,7,xgboost,target_rise_ge_10pct_h7,333,1587,0.7523629489603024,0.4032258064516129,0.37537537537537535,0.38880248833592534,1069,185,208,125
green_onion,7,random_forest,target_rise_ge_10pct_h7,333,1587,0.7637051039697542,0.4186046511627907,0.32432432432432434,0.36548223350253806,1104,150,225,108
green_onion,7,ann,target_rise_ge_10pct_h7,333,1587,0.7630749842470069,0.36809815950920244,0.18018018018018017,0.24193548387096775,1151,103,273,60
green_onion,7,lightgbm,target_rise_ge_5pct_h7,472,1587,0.684940138626339,0.4723320158102767,0.5063559322033898,0.4887525562372188,848,267,233,239
green_onion,7,random_forest,target_rise_ge_5pct_h7,472,1587,0.6943919344675489,0.48577680525164113,0.4703389830508475,0.47793326157158234,880,235,250,222
green_onion,7,ridge,target_rise_ge_5pct_h7,472,1587,0.6880907372400756,0.4745011086474501,0.4533898305084746,0.4637053087757313,878,237,258,214
green_onion,7,xgboost,target_rise_ge_5pct_h7,472,1587,0.6887208569628229,0.47533632286995514,0.4491525423728814,0.46187363834422657,881,234,260,212
green_onion,7,ann,target_rise_ge_5pct_h7,472,1587,0.6925015752993069,0.46226415094339623,0.2076271186440678,0.28654970760233917,1001,114,374,98
green_onion,7,random_forest,target_up_h7,729,1587,0.6345305608065532,0.6075036075036075,0.5775034293552812,0.5921237693389592,586,272,308,421
green_onion,7,lightgbm,target_up_h7,729,1587,0.6313799621928167,0.6040462427745664,0.5733882030178327,0.5883180858550316,584,274,311,418
green_onion,7,ridge,target_up_h7,729,1587,0.6257088846880907,0.5991189427312775,0.5596707818930041,0.5787234042553191,585,273,321,408
green_onion,7,xgboost,target_up_h7,729,1587,0.6194076874606175,0.598116169544741,0.522633744855967,0.5578330893118595,602,256,348,381
green_onion,7,ann,target_up_h7,729,1587,0.5967233774417139,0.6618181818181819,0.2496570644718793,0.36254980079681276,765,93,547,182
green_onion,14,lightgbm,target_rise_ge_10pct_h14,404,1587,0.7643352236925016,0.5414364640883977,0.48514851485148514,0.5117493472584856,1017,166,208,196
green_onion,14,random_forest,target_rise_ge_10pct_h14,404,1587,0.7561436672967864,0.5230352303523035,0.4777227722772277,0.49935316946959896,1007,176,211,193
green_onion,14,xgboost,target_rise_ge_10pct_h14,404,1587,0.7630749842470069,0.5421686746987951,0.44554455445544555,0.4891304347826087,1031,152,224,180
green_onion,14,ridge,target_rise_ge_10pct_h14,404,1587,0.7233774417139256,0.456359102244389,0.452970297029703,0.4546583850931677,965,218,221,183
green_onion,14,ann,target_rise_ge_10pct_h14,404,1587,0.7246376811594203,0.368,0.11386138613861387,0.17391304347826086,1104,79,358,46
green_onion,14,lightgbm,target_rise_ge_5pct_h14,514,1587,0.7265280403276623,0.5900900900900901,0.5097276264591439,0.5469728601252609,891,182,252,262
green_onion,14,xgboost,target_rise_ge_5pct_h14,514,1587,0.725897920604915,0.5938242280285035,0.48638132295719844,0.5347593582887701,902,171,264,250
green_onion,14,ridge,target_rise_ge_5pct_h14,514,1587,0.6918714555765595,0.5244618395303327,0.5214007782101168,0.5229268292682927,830,243,246,268
green_onion,14,random_forest,target_rise_ge_5pct_h14,514,1587,0.7088846880907372,0.5593607305936074,0.4766536964980545,0.5147058823529411,880,193,269,245
green_onion,14,ann,target_rise_ge_5pct_h14,514,1587,0.6597353497164461,0.41875,0.1303501945525292,0.19881305637982197,980,93,447,67
green_onion,14,ridge,target_up_h14,698,1587,0.6546943919344675,0.6182965299684543,0.5616045845272206,0.5885885885885885,647,242,306,392
green_onion,14,lightgbm,target_up_h14,698,1587,0.6641461877756774,0.6470588235294118,0.5200573065902578,0.5766481334392375,691,198,335,363
green_onion,14,xgboost,target_up_h14,698,1587,0.6691871455576559,0.6706114398422091,0.4871060171919771,0.5643153526970954,722,167,358,340
green_onion,14,random_forest,target_up_h14,698,1587,0.6534341524889729,0.6326164874551972,0.505730659025788,0.5621019108280255,684,205,345,353
green_onion,14,ann,target_up_h14,698,1587,0.6030245746691871,0.6717171717171717,0.19054441260744986,0.296875,824,65,565,133
green_onion,20,lightgbm,target_rise_ge_10pct_h20,466,1587,0.7725267800882167,0.6462395543175488,0.4978540772532189,0.5624242424242424,994,127,234,232
green_onion,20,ridge,target_rise_ge_10pct_h20,466,1587,0.7454316320100819,0.5698198198198198,0.5429184549356223,0.5560439560439561,930,191,213,253
green_onion,20,xgboost,target_rise_ge_10pct_h20,466,1587,0.7693761814744802,0.6428571428571429,0.48283261802575106,0.5514705882352942,996,125,241,225
green_onion,20,random_forest,target_rise_ge_10pct_h20,466,1587,0.7655954631379962,0.6298342541436464,0.4892703862660944,0.5507246376811594,987,134,238,228
green_onion,20,ann,target_rise_ge_10pct_h20,466,1587,0.7359798361688721,0.5701492537313433,0.40987124463519314,0.4769038701622971,977,144,275,191
green_onion,20,lightgbm,target_rise_ge_5pct_h20,543,1587,0.7548834278512917,0.6842105263157895,0.5267034990791897,0.595213319458897,912,132,257,286
green_onion,20,ridge,target_rise_ge_5pct_h20,543,1587,0.7277882797731569,0.6077669902912621,0.576427255985267,0.5916824196597353,842,202,230,313
green_onion,20,xgboost,target_rise_ge_5pct_h20,543,1587,0.7561436672967864,0.696969696969697,0.5082872928176796,0.5878594249201278,924,120,267,276
green_onion,20,random_forest,target_rise_ge_5pct_h20,543,1587,0.7448015122873346,0.6674757281553398,0.5064456721915286,0.5759162303664922,907,137,268,275
green_onion,20,ann,target_rise_ge_5pct_h20,543,1587,0.7076244486452425,0.6047745358090185,0.4198895027624309,0.4956521739130435,895,149,315,228
green_onion,20,ridge,target_up_h20,699,1587,0.7038437303087587,0.6861788617886179,0.6037195994277539,0.6423135464231354,695,193,277,422
green_onion,20,lightgbm,target_up_h20,699,1587,0.7208569628229363,0.7612244897959184,0.5336194563662375,0.6274179983179142,771,117,326,373
green_onion,20,random_forest,target_up_h20,699,1587,0.704473850031506,0.735655737704918,0.5135908440629471,0.6048862679022746,759,129,340,359
green_onion,20,xgboost,target_up_h20,699,1587,0.7114051669817265,0.7625272331154684,0.5007153075822603,0.6044905008635578,779,109,349,350
green_onion,20,ann,target_up_h20,699,1587,0.6792690611216131,0.7209302325581395,0.4434907010014306,0.5491585473870682,768,120,389,310
lettuce,1,xgboost,target_rise_ge_10pct_h1,348,1586,0.7862547288776797,0.5207373271889401,0.32471264367816094,0.4,1134,104,235,113
lettuce,1,lightgbm,target_rise_ge_10pct_h1,348,1586,0.7919293820933165,0.546875,0.3017241379310345,0.3888888888888889,1151,87,243,105
lettuce,1,ann,target_rise_ge_10pct_h1,348,1586,0.7528373266078184,0.4219858156028369,0.34195402298850575,0.37777777777777777,1075,163,229,119
lettuce,1,ridge,target_rise_ge_10pct_h1,348,1586,0.7686002522068096,0.4595744680851064,0.3103448275862069,0.3704974271012007,1111,127,240,108
lettuce,1,random_forest,target_rise_ge_10pct_h1,348,1586,0.800126103404792,0.6083916083916084,0.25,0.3543788187372709,1182,56,261,87
lettuce,1,ridge,target_rise_ge_5pct_h1,497,1586,0.6853720050441362,0.49796747967479676,0.49295774647887325,0.4954499494438827,842,247,252,245
lettuce,1,lightgbm,target_rise_ge_5pct_h1,497,1586,0.7055485498108449,0.5380710659898477,0.42655935613682094,0.47586980920314254,907,182,285,212
lettuce,1,xgboost,target_rise_ge_5pct_h1,497,1586,0.6967213114754098,0.5213903743315508,0.39235412474849096,0.44776119402985076,910,179,302,195
lettuce,1,ann,target_rise_ge_5pct_h1,497,1586,0.6765447667087011,0.48095238095238096,0.40643863179074446,0.440567066521265,871,218,295,202
lettuce,1,random_forest,target_rise_ge_5pct_h1,497,1586,0.6954602774274905,0.5225806451612903,0.32595573440643866,0.40148698884758366,941,148,335,162
lettuce,1,lightgbm,target_up_h1,798,1586,0.6633039092055486,0.6848739495798319,0.6127819548872181,0.6468253968253969,563,225,309,489
lettuce,1,random_forest,target_up_h1,798,1586,0.6424968474148802,0.6550335570469799,0.6115288220551378,0.6325340246273493,531,257,310,488
lettuce,1,xgboost,target_up_h1,798,1586,0.6494325346784363,0.6753623188405797,0.5839598997493735,0.6263440860215054,564,224,332,466
lettuce,1,ridge,target_up_h1,798,1586,0.6084489281210592,0.6052318668252081,0.6378446115288221,0.6211104331909701,456,332,289,509
lettuce,1,ann,target_up_h1,798,1586,0.6292559899117276,0.6726973684210527,0.5125313283208021,0.5817923186344239,589,199,389,409
lettuce,5,xgboost,target_rise_ge_10pct_h5,522,1586,0.7370744010088273,0.64,0.45977011494252873,0.5351170568561873,929,135,282,240
lettuce,5,lightgbm,target_rise_ge_10pct_h5,522,1586,0.7175283732660782,0.5958549222797928,0.44061302681992337,0.5066079295154186,908,156,292,230
lettuce,5,ridge,target_rise_ge_10pct_h5,522,1586,0.6841109709962169,0.5220125786163522,0.47701149425287354,0.4984984984984985,836,228,273,249
lettuce,5,ann,target_rise_ge_10pct_h5,522,1586,0.6488020176544766,0.46935201401050786,0.5134099616858238,0.49039341262580055,761,303,254,268
lettuce,5,random_forest,target_rise_ge_10pct_h5,522,1586,0.712484237074401,0.59375,0.4003831417624521,0.4782608695652174,921,143,313,209
lettuce,5,lightgbm,target_rise_ge_5pct_h5,636,1586,0.692938209331652,0.6352087114337568,0.550314465408805,0.5897219882055602,749,201,286,350
lettuce,5,xgboost,target_rise_ge_5pct_h5,636,1586,0.691046658259773,0.6398467432950191,0.5251572327044025,0.5768566493955095,762,188,302,334
lettuce,5,ridge,target_rise_ge_5pct_h5,636,1586,0.6525851197982345,0.5684380032206119,0.5550314465408805,0.5616547334924423,682,268,283,353
lettuce,5,ann,target_rise_ge_5pct_h5,636,1586,0.6317780580075663,0.538235294117647,0.5754716981132075,0.5562310030395137,636,314,270,366
lettuce,5,random_forest,target_rise_ge_5pct_h5,636,1586,0.6746532156368222,0.6171875,0.4968553459119497,0.5505226480836237,754,196,320,316
lettuce,5,ridge,target_up_h5,827,1586,0.6834804539722572,0.701363073110285,0.6844014510278114,0.6927784577723378,518,241,261,566
lettuce,5,ann,target_up_h5,827,1586,0.6689785624211854,0.6850490196078431,0.6759371221281741,0.6804625684723068,502,257,268,559
lettuce,5,lightgbm,target_up_h5,827,1586,0.6815889029003783,0.7229916897506925,0.6311970979443773,0.6739832149774048,559,200,305,522
lettuce,5,xgboost,target_up_h5,827,1586,0.6784363177805801,0.7287157287157288,0.6106408706166868,0.6644736842105263,571,188,322,505
lettuce,5,random_forest,target_up_h5,827,1586,0.6368221941992434,0.6826783114992722,0.5671100362756953,0.619550858652576,541,218,358,469
lettuce,7,xgboost,target_rise_ge_10pct_h7,507,1586,0.7181588902900379,0.573170731707317,0.4635108481262327,0.5125408942202835,904,175,272,235
lettuce,7,random_forest,target_rise_ge_10pct_h7,507,1586,0.7257250945775536,0.5972972972972973,0.4358974358974359,0.5039908779931584,930,149,286,221
lettuce,7,lightgbm,target_rise_ge_10pct_h7,507,1586,0.7068095838587641,0.553030303030303,0.4319526627218935,0.4850498338870432,902,177,288,219
lettuce,7,ridge,target_rise_ge_10pct_h7,507,1586,0.6733921815889029,0.4887525562372188,0.4714003944773176,0.4799196787148594,829,250,268,239
lettuce,7,ann,target_rise_ge_10pct_h7,507,1586,0.6582597730138714,0.4608501118568233,0.40631163708086787,0.43186582809224316,838,241,301,206
lettuce,7,xgboost,target_rise_ge_5pct_h7,610,1586,0.6941992433795713,0.6159554730983302,0.5442622950819672,0.577893820713664,769,207,278,332
lettuce,7,random_forest,target_rise_ge_5pct_h7,610,1586,0.6885245901639344,0.6102661596958175,0.5262295081967213,0.5651408450704225,771,205,289,321
lettuce,7,lightgbm,target_rise_ge_5pct_h7,610,1586,0.6828499369482977,0.6011342155009451,0.521311475409836,0.5583845478489904,765,211,292,318
lettuce,7,ridge,target_rise_ge_5pct_h7,610,1586,0.6475409836065574,0.5410628019323671,0.5508196721311476,0.545897644191714,691,285,274,336
lettuce,7,ann,target_rise_ge_5pct_h7,610,1586,0.6336696090794451,0.5267034990791897,0.46885245901639344,0.49609713790112747,719,257,324,286
lettuce,7,ridge,target_up_h7,807,1586,0.6834804539722572,0.6937738246505718,0.6765799256505576,0.685069008782936,538,241,261,546
lettuce,7,xgboost,target_up_h7,807,1586,0.6551071878940732,0.6825842696629213,0.6022304832713755,0.6398946675444371,553,226,321,486
lettuce,7,lightgbm,target_up_h7,807,1586,0.6588902900378311,0.6921965317919075,0.5935563816604709,0.6390927284856571,566,213,328,479
lettuce,7,ann,target_up_h7,807,1586,0.639344262295082,0.6725403817914831,0.5675340768277571,0.6155913978494624,556,223,349,458
lettuce,7,random_forest,target_up_h7,807,1586,0.6336696090794451,0.6706948640483383,0.550185873605948,0.6044928522804629,561,218,363,444
lettuce,14,ridge,target_rise_ge_10pct_h14,579,1586,0.6752837326607818,0.5555555555555556,0.5526770293609672,0.5541125541125541,751,256,259,320
lettuce,14,xgboost,target_rise_ge_10pct_h14,579,1586,0.6834804539722572,0.582089552238806,0.47150259067357514,0.5209923664122137,811,196,306,273
lettuce,14,lightgbm,target_rise_ge_10pct_h14,579,1586,0.6885245901639344,0.5959367945823928,0.45595854922279794,0.5166340508806262,828,179,315,264
lettuce,14,random_forest,target_rise_ge_10pct_h14,579,1586,0.6834804539722572,0.5869074492099323,0.44905008635578586,0.5088062622309197,824,183,319,260
lettuce,14,ann,target_rise_ge_10pct_h14,579,1586,0.6551071878940732,0.5451977401129944,0.3333333333333333,0.4137191854233655,846,161,386,193
lettuce,14,ridge,target_rise_ge_5pct_h14,646,1586,0.669609079445145,0.5929878048780488,0.6021671826625387,0.5975422427035331,673,267,257,389
lettuce,14,xgboost,target_rise_ge_5pct_h14,646,1586,0.6727616645649432,0.6089193825042881,0.5495356037151703,0.5777054515866559,712,228,291,355
lettuce,14,lightgbm,target_rise_ge_5pct_h14,646,1586,0.6778058007566204,0.6198934280639432,0.5402476780185759,0.5773366418527709,726,214,297,349
lettuce,14,random_forest,target_rise_ge_5pct_h14,646,1586,0.6702395964691047,0.6171428571428571,0.5015479876160991,0.5533731853116994,739,201,322,324
lettuce,14,ann,target_rise_ge_5pct_h14,646,1586,0.6399747793190416,0.5903614457831325,0.37925696594427244,0.46182846371347785,770,170,401,245
lettuce,14,ridge,target_up_h14,778,1586,0.7011349306431274,0.7005277044854882,0.6825192802056556,0.69140625,581,227,247,531
lettuce,14,xgboost,target_up_h14,778,1586,0.6778058007566204,0.6846473029045643,0.6362467866323908,0.6595602931379081,580,228,283,495
lettuce,14,lightgbm,target_up_h14,778,1586,0.6790668348045398,0.6913229018492176,0.6246786632390745,0.6563133018230926,591,217,292,486
lettuce,14,random_forest,target_up_h14,778,1586,0.691046658259773,0.7229102167182663,0.6002570694087404,0.6558988764044944,629,179,311,467
lettuce,14,ann,target_up_h14,778,1586,0.6128625472887768,0.6659919028340081,0.42287917737789205,0.5172955974842768,643,165,449,329
lettuce,20,ridge,target_rise_ge_10pct_h20,602,1586,0.7288776796973518,0.6514084507042254,0.6146179401993356,0.6324786324786325,786,198,232,370
lettuce,20,lightgbm,target_rise_ge_10pct_h20,602,1586,0.7515762925598991,0.7321428571428571,0.5448504983388704,0.6247619047619047,864,120,274,328
lettuce,20,xgboost,target_rise_ge_10pct_h20,602,1586,0.744640605296343,0.7254004576659039,0.526578073089701,0.6102021174205967,864,120,285,317
lettuce,20,random_forest,target_rise_ge_10pct_h20,602,1586,0.7389659520807061,0.7259615384615384,0.5016611295681063,0.593320235756385,870,114,300,302
lettuce,20,ann,target_rise_ge_10pct_h20,602,1586,0.6708701134930644,0.6075268817204301,0.3754152823920266,0.46406570841889117,838,146,376,226
lettuce,20,lightgbm,target_rise_ge_5pct_h20,673,1586,0.742749054224464,0.7458256029684601,0.5973254086181278,0.6633663366336634,776,137,271,402
lettuce,20,xgboost,target_rise_ge_5pct_h20,673,1586,0.742749054224464,0.7495291902071564,0.5913818722139673,0.6611295681063123,780,133,275,398
lettuce,20,ridge,target_rise_ge_5pct_h20,673,1586,0.7150063051702396,0.672926447574335,0.6389301634472511,0.6554878048780488,704,209,243,430
lettuce,20,random_forest,target_rise_ge_5pct_h20,673,1586,0.7345523329129886,0.7530120481927711,0.5572065378900446,0.6404782237403929,790,123,298,375
lettuce,20,ann,target_rise_ge_5pct_h20,673,1586,0.6557377049180327,0.6522781774580336,0.40416047548291234,0.4990825688073395,768,145,401,272
lettuce,20,ridge,target_up_h20,771,1586,0.7105926860025221,0.7108108108108108,0.682230869001297,0.6962276637988087,601,214,245,526
lettuce,20,lightgbm,target_up_h20,771,1586,0.7206809583858764,0.7578616352201258,0.6251621271076524,0.6851457000710732,661,154,289,482
lettuce,20,xgboost,target_up_h20,771,1586,0.7112232030264817,0.7449139280125195,0.6173800259403373,0.675177304964539,652,163,295,476
lettuce,20,random_forest,target_up_h20,771,1586,0.7175283732660782,0.7687188019966722,0.5992217898832685,0.673469387755102,676,139,309,462
lettuce,20,ann,target_up_h20,771,1586,0.6191677175283733,0.6827133479212254,0.4046692607003891,0.50814332247557,670,145,459,312
